doc_name,n_pages,n_questions
3M_2018_10K,160,2
ADOBE_2016_10K,112,1
ADOBE_2017_10K,107,1
AMCOR_2020_10K,195,1
AMCOR_2022_8K_dated-2022-07-01,9,1
AMCOR_2023Q4_EARNINGS,14,2
BESTBUY_2019_10K,107,1
BLOCK_2020_10K,158,2
CORNING_2022_10K,159,2
COSTCO_2021_10K,76,1
FOOTLOCKER_2022_8K_dated_2022-08-19,31,1
GENERALMILLS_2020_10K,127,2
JPMORGAN_2022Q2_10Q,197,1
LOCKHEEDMARTIN_2022_10K,130,1
MGMRESORTS_2022Q4_EARNINGS,15,3
NETFLIX_2015_10K,72,1
NIKE_2018_10K,97,1
NIKE_2023_10K,106,1
PAYPAL_2022_10K,134,1
PEPSICO_2023_8K_dated-2023-05-05,5,1
